aambroise1b,Password123!
aandreou47,Password123!
abicheno4,Password123!
aburbank2w,Password123!
aceelyo,Password123!
adarmody5i,Password123!
adingate5d,Password123!
aduckerin3d,Password123!
ajozefq,Password123!
aklaggeman3l,Password123!
akubatsch5f,Password123!
amowlam1h,Password123!
aosuaird3f,Password123!
apettigreet,Password123!
aswarbrigg29,Password123!
awalbridge3r,Password123!
bbegwell49,Password123!
bblakeway4a,Password123!
bcaress2z,Password123!
bclissella,Password123!
bgeldeard9,Password123!
biczokvitz1w,Password123!
bjaynes3w,Password123!
bloadsman4b,Password123!
blongley4p,Password123!
bmcwhan1n,Password123!
bpalistere,Password123!
brainton3h,Password123!
brisbie4u,Password123!
bsalvador3q,Password123!
bvolage52,Password123!
bwisonr,Password123!
camphlett3,Password123!
carndell5b,Password123!
cbraiden33,Password123!
ccano2n,Password123!
cdelete37,Password123!
cdysert39,Password123!
cflisher2a,Password123!
cjirousek2l,Password123!
cmacalinden20,Password123!
cmcluckie4e,Password123!
credhouse44,Password123!
csiebert4t,Password123!
cwoodroof4z,Password123!
dboick41,Password123!
dbrimson2h,Password123!
dbrydson5h,Password123!
dcouldwell17,Password123!
ddumbltonx,Password123!
ddumked,Password123!
ddunklee2v,Password123!
dgritsaev5a,Password123!
dhendrichs19,Password123!
dkitchiner1e,Password123!
dleguay31,Password123!
dmacguiness2j,Password123!
dmayston3g,Password123!
dmievillez,Password123!
dmum4q,Password123!
dpetel23,Password123!
dtabneru,Password123!
dwalklett1v,Password123!
ealdersea57,Password123!
eespino4m,Password123!
emacmillan45,Password123!
ericks4l,Password123!
eruvel4r,Password123!
eshelp1a,Password123!
esurman1y,Password123!
eworman11,Password123!
fabarough55,Password123!
fcruttenden3t,Password123!
fdaughton58,Password123!
fglentzw,Password123!
fhegge4i,Password123!
fjanning2c,Password123!
fmaren4w,Password123!
forrah1j,Password123!
fpaoletto21,Password123!
frathbourne59,Password123!
gabby4c,Password123!
gdoret5c,Password123!
gfarrin4x,Password123!
gilymanov3n,Password123!
glindgren35,Password123!
gpattemore2q,Password123!
greach1l,Password123!
gsmyp,Password123!
gwoodyeare50,Password123!
gyakovl2m,Password123!
hdulieu4g,Password123!
hembra4y,Password123!
hgiacomik,Password123!
hhabbert40,Password123!
hmarkey1s,Password123!
hsimounet5j,Password123!
hstileman4j,Password123!
htrill27,Password123!
ipietri4v,Password123!
irickwood22,Password123!
jcrissil3s,Password123!
jde1p,Password123!
jfellini1x,Password123!
jjerger4s,Password123!
jludwikiewicz16,Password123!
jmorby1m,Password123!
jshobrookb,Password123!
kashforth26,Password123!
kbebbell46,Password123!
kbleakman3y,Password123!
kbriiginshaw4k,Password123!
kferminger54,Password123!
kgennerich1r,Password123!
kkaesmakers43,Password123!
klillgard2y,Password123!
kmariaud24,Password123!
ktanguy3p,Password123!
kvittle1c,Password123!
lbarnettv,Password123!
lburcombe2p,Password123!
lchessunf,Password123!
ldibdin30,Password123!
lellington1z,Password123!
lertelt2f,Password123!
lharbron3o,Password123!
link,Password123!
lle18,Password123!
lmcmurty2x,Password123!
lnussen3v,Password123!
lpotten2b,Password123!
lrachuig2t,Password123!
lroskam51,Password123!
lskydall5,Password123!
lvan7,Password123!
lvidyapin28,Password123!
lwitul4d,Password123!
mbarczynski36,Password123!
mdate14,Password123!
melement3i,Password123!
mhaddinton2g,Password123!
mkenewelli,Password123!
mkier3c,Password123!
mkynnd32,Password123!
mmarkie0,Password123!
mmckiddin48,Password123!
mmogg1k,Password123!
mmooring2r,Password123!
mmothersole34,Password123!
moduane5g,Password123!
mskone12,Password123!
mvasiljevic4f,Password123!
mwestmorland2u,Password123!
mwhitcombe2i,Password123!
nantunes2o,Password123!
nbruckl,Password123!
ngoligher53,Password123!
nhixson1f,Password123!
ofleckno1u,Password123!
oholbarrow3m,Password123!
okitt1d,Password123!
pcolomb56,Password123!
plambourne2,Password123!
psarre2k,Password123!
rcoton15,Password123!
rgarrigan4h,Password123!
rgarrioch13,Password123!
rlesmonde3b,Password123!
rlorrowayh,Password123!
rpickvancec,Password123!
rrichichi38,Password123!
rtocher2e,Password123!
salekseicik1t,Password123!
sdruitt3e,Password123!
seglins,Password123!
shanburry1q,Password123!
slaisey,Password123!
slargan3j,Password123!
sneathway6,Password123!
sstudders1g,Password123!
tbarneville2d,Password123!
tbriskey8,Password123!
tchristy1,Password123!
tespadas1i,Password123!
tgheeorghie3x,Password123!
tgoakesg,Password123!
tguittet3a,Password123!
thartnup3u,Password123!
thebditchn,Password123!
tnussey4n,Password123!
tseery5e,Password123!
ttack3k,Password123!
ubazellj,Password123!
udytonm,Password123!
uingilson10,Password123!
vdunnan3z,Password123!
vpydcock42,Password123!
wsitford25,Password123!
ymcgillicuddy1o,Password123!
zambrosoli4o,Password123!
zneeds2s,Password123!
